{"cameraMode":{"drawMode":0,"name":"Shaded","section":"Shading Mode"},"sceneLighting":true,"audioPlay":false,"sceneViewState":{"showFog":true,"showMaterialUpdate":true,"showSkybox":true,"showFlares":true,"showImageEffects":true,"showParticleSystems":true},"in2DMode":false,"pivot":{"x":-0.6285868883132935,"y":2.400886058807373,"z":-6.1689677238464359},"rotation":{"x":0.1916351020336151,"y":-0.636570394039154,"z":0.16756916046142579,"w":0.7279938459396362},"size":2.3188841342926027,"orthographic":true}