{"cameraMode":{"drawMode":0,"name":"Shaded","section":"Shading Mode"},"sceneLighting":true,"audioPlay":false,"sceneViewState":{"showFog":true,"showMaterialUpdate":true,"showSkybox":true,"showFlares":true,"showImageEffects":true,"showParticleSystems":true},"in2DMode":false,"pivot":{"x":1.1494483947753907,"y":-1.627467155456543,"z":0.628178596496582},"rotation":{"x":0.17348939180374146,"y":0.37695780396461489,"z":-0.07210545241832733,"w":0.9069779515266419},"size":15.09853744506836,"orthographic":false}