{"cameraMode":{"drawMode":0,"name":"Shaded","section":"Shading Mode"},"sceneLighting":false,"audioPlay":false,"sceneViewState":{"showFog":true,"showMaterialUpdate":true,"showSkybox":false,"showFlares":true,"showImageEffects":true,"showParticleSystems":true},"in2DMode":false,"pivot":{"x":0.19146721065044404,"y":2.0003604888916017,"z":3.7326033115386965},"rotation":{"x":0.11245623975992203,"y":0.32737040519714358,"z":-0.03927160054445267,"w":0.9373699426651001},"size":0.16739343106746674,"orthographic":false}