{"cameraMode":{"drawMode":0,"name":"Shaded","section":"Shading Mode"},"sceneLighting":true,"audioPlay":false,"sceneViewState":{"showFog":true,"showMaterialUpdate":true,"showSkybox":true,"showFlares":true,"showImageEffects":true,"showParticleSystems":true},"in2DMode":false,"pivot":{"x":-4.995790481567383,"y":2.389444351196289,"z":-5.538364410400391},"rotation":{"x":-0.02923637628555298,"y":0.8486027717590332,"z":-0.04714299738407135,"w":-0.5261356234550476},"size":3.3114817142486574,"orthographic":false}