{"cameraMode":{"drawMode":0,"name":"Shaded","section":"Shading Mode"},"sceneLighting":true,"audioPlay":false,"sceneViewState":{"showFog":true,"showMaterialUpdate":true,"showSkybox":true,"showFlares":true,"showImageEffects":true,"showParticleSystems":true},"in2DMode":false,"pivot":{"x":-0.21458259224891663,"y":3.5189499855041506,"z":-2.7110843658447267},"rotation":{"x":-0.274591863155365,"y":-0.039813701063394549,"z":0.011363423429429531,"w":-0.9607093930244446},"size":38.29910659790039,"orthographic":false}