{"cameraMode":{"drawMode":0,"name":"Shaded","section":"Shading Mode"},"sceneLighting":true,"audioPlay":false,"sceneViewState":{"showFog":true,"showMaterialUpdate":true,"showSkybox":true,"showFlares":true,"showImageEffects":true,"showParticleSystems":true},"in2DMode":false,"pivot":{"x":40.25,"y":4.139999866485596,"z":-20.739999771118165},"rotation":{"x":0.1789322793483734,"y":-0.6579210758209229,"z":0.16519363224506379,"w":0.7126314640045166},"size":22.19321632385254,"orthographic":false}