{"cameraMode":{"drawMode":0,"name":"Shaded","section":"Shading Mode"},"sceneLighting":true,"audioPlay":false,"sceneViewState":{"showFog":true,"showMaterialUpdate":true,"showSkybox":false,"showFlares":true,"showImageEffects":true,"showParticleSystems":true},"in2DMode":false,"pivot":{"x":16.054462432861329,"y":-8.218660354614258,"z":28.173982620239259},"rotation":{"x":-0.0108569310978055,"y":0.9859849214553833,"z":-0.15053017437458039,"w":-0.07111386209726334},"size":25.162290573120118,"orthographic":true}