{"cameraMode":{"drawMode":0,"name":"Shaded","section":"Shading Mode"},"sceneLighting":true,"audioPlay":false,"sceneViewState":{"showFog":true,"showMaterialUpdate":true,"showSkybox":true,"showFlares":true,"showImageEffects":true,"showParticleSystems":true},"in2DMode":false,"pivot":{"x":0.022063907235860826,"y":3.160181760787964,"z":2.217099666595459},"rotation":{"x":-0.060848936438560489,"y":-0.8649709224700928,"z":0.10824871808290482,"w":-0.4862191677093506},"size":3.970482110977173,"orthographic":false}