{"cameraMode":{"drawMode":0,"name":"Shaded","section":"Shading Mode"},"sceneLighting":true,"audioPlay":false,"sceneViewState":{"showFog":true,"showMaterialUpdate":true,"showSkybox":true,"showFlares":true,"showImageEffects":true,"showParticleSystems":true},"in2DMode":false,"pivot":{"x":0.002899169921875,"y":1.6506805419921876,"z":-5.63226318359375},"rotation":{"x":0.10525298863649368,"y":-0.1882590651512146,"z":0.020297827199101449,"w":0.9762564897537231},"size":4.372528553009033,"orthographic":true}