{"cameraMode":{"drawMode":0,"name":"Shaded","section":"Shading Mode"},"sceneLighting":true,"audioPlay":false,"sceneViewState":{"showFog":true,"showMaterialUpdate":true,"showSkybox":true,"showFlares":true,"showImageEffects":true,"showParticleSystems":true},"in2DMode":false,"pivot":{"x":41.630001068115237,"y":6.25,"z":-20.290000915527345},"rotation":{"x":0.15219877660274507,"y":0.05126908794045448,"z":-0.007906051352620125,"w":0.9869888424873352},"size":0.8169614672660828,"orthographic":false}