{"cameraMode":{"drawMode":0,"name":"Shaded","section":"Shading Mode"},"sceneLighting":true,"audioPlay":false,"sceneViewState":{"showFog":true,"showMaterialUpdate":true,"showSkybox":true,"showFlares":true,"showImageEffects":true,"showParticleSystems":true},"in2DMode":false,"pivot":{"x":-40.68177032470703,"y":-25.201370239257814,"z":-133.7735595703125},"rotation":{"x":0.015687627717852594,"y":-0.9830557107925415,"z":0.1015131026506424,"w":0.15188956260681153},"size":145.4193115234375,"orthographic":false}