{"cameraMode":{"drawMode":0,"name":"Shaded","section":"Shading Mode"},"sceneLighting":true,"audioPlay":false,"sceneViewState":{"showFog":true,"showMaterialUpdate":true,"showSkybox":true,"showFlares":true,"showImageEffects":true,"showParticleSystems":true},"in2DMode":false,"pivot":{"x":3.9153804779052736,"y":-0.2646472454071045,"z":-11.368025779724121},"rotation":{"x":0.05545714125037193,"y":0.9440072178840637,"z":-0.21248464286327363,"w":0.24637392163276673},"size":6.3401641845703129,"orthographic":false}