{"cameraMode":{"drawMode":0,"name":"Shaded","section":"Shading Mode"},"sceneLighting":true,"audioPlay":false,"sceneViewState":{"showFog":true,"showMaterialUpdate":true,"showSkybox":true,"showFlares":true,"showImageEffects":true,"showParticleSystems":true},"in2DMode":false,"pivot":{"x":1.8816180229187012,"y":1.7072445154190064,"z":4.3328962326049809},"rotation":{"x":0.06647198647260666,"y":0.6353222727775574,"z":-0.05502506345510483,"w":0.7674248814582825},"size":2.158841848373413,"orthographic":false}