{"cameraMode":{"drawMode":0,"name":"Shaded","section":"Shading Mode"},"sceneLighting":false,"audioPlay":false,"sceneViewState":{"showFog":true,"showMaterialUpdate":true,"showSkybox":false,"showFlares":true,"showImageEffects":true,"showParticleSystems":true},"in2DMode":false,"pivot":{"x":4.941409111022949,"y":-0.9169291853904724,"z":-10.986777305603028},"rotation":{"x":0.08435811847448349,"y":0.9150345921516419,"z":-0.29605501890182497,"w":0.26095089316368105},"size":3.0728960037231447,"orthographic":false}