{"cameraMode":{"drawMode":0,"name":"Shaded","section":"Shading Mode"},"sceneLighting":true,"audioPlay":false,"sceneViewState":{"showFog":true,"showMaterialUpdate":true,"showSkybox":false,"showFlares":true,"showImageEffects":true,"showParticleSystems":true},"in2DMode":false,"pivot":{"x":194.16973876953126,"y":207.452392578125,"z":-0.380859375},"rotation":{"x":0.009588951244950295,"y":0.05188252031803131,"z":0.0004983469843864441,"w":-0.9986087083816528},"size":86.64497375488281,"orthographic":true}