{"cameraMode":{"drawMode":0,"name":"Shaded","section":"Shading Mode"},"sceneLighting":true,"audioPlay":false,"sceneViewState":{"showFog":true,"showMaterialUpdate":true,"showSkybox":true,"showFlares":true,"showImageEffects":true,"showParticleSystems":true},"in2DMode":false,"pivot":{"x":43.652099609375,"y":8.44921875,"z":-16.3994140625},"rotation":{"x":-0.011110687628388405,"y":0.9769362807273865,"z":-0.20669512450695039,"w":-0.05251447856426239},"size":7.260441303253174,"orthographic":true}