{"cameraMode":{"drawMode":0,"name":"Shaded","section":"Shading Mode"},"sceneLighting":true,"audioPlay":false,"sceneViewState":{"showFog":true,"showMaterialUpdate":true,"showSkybox":true,"showFlares":true,"showImageEffects":true,"showParticleSystems":true},"in2DMode":false,"pivot":{"x":0.34108197689056399,"y":2.461355686187744,"z":-6.332400798797607},"rotation":{"x":-0.05046514421701431,"y":-0.6340190768241882,"z":0.04152306169271469,"w":-0.77055823802948},"size":1.906795620918274,"orthographic":true}