{"cameraMode":{"drawMode":0,"name":"Shaded","section":"Shading Mode"},"sceneLighting":true,"audioPlay":false,"sceneViewState":{"showFog":true,"showMaterialUpdate":true,"showSkybox":true,"showFlares":true,"showImageEffects":true,"showParticleSystems":true},"in2DMode":false,"pivot":{"x":0.8020461201667786,"y":0.5696297287940979,"z":-12.13550090789795},"rotation":{"x":0.5056324601173401,"y":-0.31834685802459719,"z":0.20784272253513337,"w":0.7744629383087158},"size":2.3606531620025636,"orthographic":true}