{"cameraMode":{"drawMode":0,"name":"Shaded","section":"Shading Mode"},"sceneLighting":true,"audioPlay":false,"sceneViewState":{"showFog":true,"showMaterialUpdate":true,"showSkybox":true,"showFlares":true,"showImageEffects":true,"showParticleSystems":true},"in2DMode":false,"pivot":{"x":-5.137507915496826,"y":-0.56427001953125,"z":-3.2377891540527345},"rotation":{"x":-0.1673339456319809,"y":0.8325717449188232,"z":-0.38082772493362429,"w":-0.36582475900650027},"size":13.664767265319825,"orthographic":false}