{"cameraMode":{"drawMode":0,"name":"Shaded","section":"Shading Mode"},"sceneLighting":false,"audioPlay":false,"sceneViewState":{"showFog":true,"showMaterialUpdate":true,"showSkybox":false,"showFlares":true,"showImageEffects":true,"showParticleSystems":true},"in2DMode":false,"pivot":{"x":3.6884095668792726,"y":1.1238861083984376,"z":-9.104698181152344},"rotation":{"x":-0.02869918942451477,"y":0.9670380353927612,"z":-0.21919399499893189,"w":-0.1266307830810547},"size":3.526614189147949,"orthographic":false}