{"cameraMode":{"drawMode":0,"name":"Shaded","section":"Shading Mode"},"sceneLighting":false,"audioPlay":false,"sceneViewState":{"showFog":true,"showMaterialUpdate":true,"showSkybox":false,"showFlares":true,"showImageEffects":true,"showParticleSystems":true},"in2DMode":false,"pivot":{"x":2.080958604812622,"y":-0.02937544696033001,"z":-13.929193496704102},"rotation":{"x":0.07223249226808548,"y":0.9260612726211548,"z":-0.2895122766494751,"w":0.2310539335012436},"size":0.37203559279441836,"orthographic":true}