{"cameraMode":{"drawMode":0,"name":"Shaded","section":"Shading Mode"},"sceneLighting":true,"audioPlay":false,"sceneViewState":{"showFog":true,"showMaterialUpdate":true,"showSkybox":false,"showFlares":true,"showImageEffects":true,"showParticleSystems":true},"in2DMode":false,"pivot":{"x":20.649538040161134,"y":-11.968557357788086,"z":36.486915588378909},"rotation":{"x":-0.35833248496055605,"y":0.12355475127696991,"z":-0.04790675267577171,"w":-0.9241423010826111},"size":5.20721435546875,"orthographic":true}