{"cameraMode":{"drawMode":0,"name":"Shaded","section":"Shading Mode"},"sceneLighting":true,"audioPlay":false,"sceneViewState":{"showFog":true,"showMaterialUpdate":true,"showSkybox":true,"showFlares":true,"showImageEffects":true,"showParticleSystems":true},"in2DMode":false,"pivot":{"x":0.19251126050949098,"y":2.0003604888916017,"z":3.7326033115386965},"rotation":{"x":0.09088398516178131,"y":0.4381040632724762,"z":-0.0445731058716774,"w":0.8932191133499146},"size":4.545234203338623,"orthographic":false}