{"cameraMode":{"drawMode":0,"name":"Shaded","section":"Shading Mode"},"sceneLighting":true,"audioPlay":false,"sceneViewState":{"showFog":true,"showMaterialUpdate":true,"showSkybox":true,"showFlares":true,"showImageEffects":true,"showParticleSystems":true},"in2DMode":false,"pivot":{"x":-1.118826150894165,"y":0.6874160766601563,"z":-8.407180786132813},"rotation":{"x":-0.0021083743777126076,"y":-0.9657320976257324,"z":0.2594928741455078,"w":-0.007823520340025425},"size":18.34619140625,"orthographic":false}