{"cameraMode":{"drawMode":0,"name":"Shaded","section":"Shading Mode"},"sceneLighting":true,"audioPlay":false,"sceneViewState":{"showFog":true,"showMaterialUpdate":true,"showSkybox":true,"showFlares":true,"showImageEffects":true,"showParticleSystems":true},"in2DMode":false,"pivot":{"x":29.8042049407959,"y":4.795953750610352,"z":-3.1296939849853517},"rotation":{"x":-0.1329004168510437,"y":0.34898945689201357,"z":-0.05007027089595795,"w":-0.9263115525245667},"size":37.30241394042969,"orthographic":false}