{"cameraMode":{"drawMode":0,"name":"Shaded","section":"Shading Mode"},"sceneLighting":true,"audioPlay":false,"sceneViewState":{"showFog":true,"showMaterialUpdate":true,"showSkybox":true,"showFlares":true,"showImageEffects":true,"showParticleSystems":true},"in2DMode":false,"pivot":{"x":-3.3402023315429689,"y":1.6100000143051148,"z":-9.180100440979004},"rotation":{"x":-0.027651146054267885,"y":0.972140908241272,"z":-0.15349042415618897,"w":-0.17506630718708039},"size":1.700780987739563,"orthographic":true}