{"cameraMode":{"drawMode":0,"name":"Shaded","section":"Shading Mode"},"sceneLighting":false,"audioPlay":false,"sceneViewState":{"showFog":true,"showMaterialUpdate":true,"showSkybox":false,"showFlares":true,"showImageEffects":true,"showParticleSystems":true},"in2DMode":false,"pivot":{"x":32.20000076293945,"y":0.08940869569778443,"z":-43.15004348754883},"rotation":{"x":0.3990379869937897,"y":0.33818337321281435,"z":-0.16123861074447633,"w":0.8369463086128235},"size":4.901191711425781,"orthographic":false}