{"cameraMode":{"drawMode":0,"name":"Shaded","section":"Shading Mode"},"sceneLighting":true,"audioPlay":false,"sceneViewState":{"showFog":true,"showMaterialUpdate":true,"showSkybox":true,"showFlares":true,"showImageEffects":true,"showParticleSystems":true},"in2DMode":false,"pivot":{"x":42.279998779296878,"y":6.530700206756592,"z":-17.574710845947267},"rotation":{"x":0.13570818305015565,"y":0.7349933385848999,"z":-0.15435172617435456,"w":0.6461912989616394},"size":10.698675155639649,"orthographic":true}