{"cameraMode":{"drawMode":0,"name":"Shaded","section":"Shading Mode"},"sceneLighting":true,"audioPlay":false,"sceneViewState":{"showFog":true,"showMaterialUpdate":true,"showSkybox":true,"showFlares":true,"showImageEffects":true,"showParticleSystems":true},"in2DMode":false,"pivot":{"x":81.74994659423828,"y":6.620172500610352,"z":-62.63589859008789},"rotation":{"x":0.07119058817625046,"y":-0.3893083333969116,"z":0.03018558956682682,"w":0.9179084300994873},"size":21.664705276489259,"orthographic":true}